<annotation>
	<folder>JPEGImages</folder>
	<filename>1.bmp</filename>
	<path>D:\darknet\scripts\VOCdevkit\VOC2007\JPEGImages\1.bmp</path>
	<source>
		<database>Unknown</database>
	</source>
	<size>
		<width>1280</width>
		<height>960</height>
		<depth>1</depth>
	</size>
	<segmented>0</segmented>
	<object>
		<name>cell</name>
		<pose>Unspecified</pose>
		<truncated>0</truncated>
		<difficult>0</difficult>
		<bndbox>
			<xmin>223</xmin>
			<ymin>278</ymin>
			<xmax>640</xmax>
			<ymax>671</ymax>
		</bndbox>
	</object>
	<object>
		<name>cell</name>
		<pose>Unspecified</pose>
		<truncated>0</truncated>
		<difficult>0</difficult>
		<bndbox>
			<xmin>700</xmin>
			<ymin>239</ymin>
			<xmax>1149</xmax>
			<ymax>649</ymax>
		</bndbox>
	</object>
</annotation>
